;loss;acc
0;4.787134575112811;0.018867924528301886
